0,NaN,NaN
1,NaN,NaN
2,NaN,NaN
3,NaN,NaN
4,NaN,NaN
5,NaN,NaN
6,NaN,NaN
7,NaN,NaN
8,NaN,NaN
9,NaN,NaN
10,NaN,NaN
11,NaN,NaN
12,NaN,NaN
13,NaN,NaN
14,NaN,NaN
15,NaN,NaN
16,NaN,NaN
17,NaN,NaN
18,NaN,NaN
19,NaN,NaN
20,NaN,NaN
21,NaN,NaN
22,NaN,NaN
23,NaN,NaN
24,NaN,NaN
25,NaN,NaN
26,NaN,NaN
27,NaN,NaN
28,NaN,NaN
29,NaN,NaN
30,NaN,NaN
31,NaN,NaN
32,NaN,NaN
33,NaN,NaN
34,NaN,NaN
35,NaN,NaN
36,NaN,NaN
37,NaN,NaN
38,NaN,NaN
39,NaN,NaN
40,NaN,NaN
41,NaN,NaN
42,NaN,NaN
43,NaN,NaN
44,NaN,NaN
45,NaN,NaN
46,NaN,NaN
47,NaN,NaN
48,NaN,NaN
49,NaN,NaN
50,NaN,NaN
51,NaN,NaN
52,NaN,NaN
53,NaN,NaN
54,NaN,NaN
55,NaN,NaN
56,NaN,NaN
57,NaN,NaN
58,NaN,NaN
59,NaN,NaN
60,NaN,NaN
61,NaN,NaN
62,NaN,NaN
63,NaN,NaN
64,NaN,NaN
65,NaN,NaN
66,NaN,NaN
67,NaN,NaN
68,NaN,NaN
69,NaN,NaN
70,NaN,NaN
71,NaN,NaN
72,NaN,NaN
73,NaN,NaN
74,NaN,NaN
75,NaN,NaN
76,NaN,NaN
77,NaN,NaN
78,NaN,NaN
79,NaN,NaN
80,NaN,NaN
81,NaN,NaN
82,NaN,NaN
83,NaN,NaN
84,NaN,NaN
85,NaN,NaN
86,NaN,NaN
87,NaN,NaN
88,NaN,NaN
89,NaN,NaN
90,NaN,NaN
91,NaN,NaN
92,NaN,NaN
93,NaN,NaN
94,NaN,NaN
95,NaN,NaN
96,NaN,NaN
97,NaN,NaN
98,NaN,NaN
99,NaN,NaN
100,NaN,NaN
101,NaN,NaN
102,NaN,NaN
103,NaN,NaN
104,NaN,NaN
105,NaN,NaN
106,NaN,NaN
107,NaN,NaN
108,NaN,NaN
109,NaN,NaN
110,NaN,NaN
111,NaN,NaN
112,NaN,NaN
113,NaN,NaN
114,NaN,NaN
115,NaN,NaN
116,NaN,NaN
117,NaN,NaN
118,NaN,NaN
119,NaN,NaN
120,NaN,NaN
121,NaN,NaN
122,NaN,NaN
123,NaN,NaN
124,NaN,NaN
125,NaN,NaN
126,NaN,NaN
127,NaN,NaN
128,NaN,NaN
129,NaN,NaN
130,NaN,NaN
131,NaN,NaN
132,NaN,NaN
133,NaN,NaN
134,NaN,NaN
135,NaN,NaN
136,NaN,NaN
137,NaN,NaN
138,NaN,NaN
139,NaN,NaN
140,NaN,NaN
141,NaN,NaN
142,NaN,NaN
143,NaN,NaN
144,NaN,NaN
145,NaN,NaN
146,NaN,NaN
147,NaN,NaN
148,NaN,NaN
149,NaN,NaN
150,NaN,NaN
151,NaN,NaN
152,NaN,NaN
153,NaN,NaN
154,NaN,NaN
155,NaN,NaN
156,NaN,NaN
157,NaN,NaN
158,NaN,NaN
159,NaN,NaN
160,NaN,NaN
161,NaN,NaN
162,NaN,NaN
163,NaN,NaN
164,NaN,NaN
165,NaN,NaN
166,NaN,NaN
167,NaN,NaN
168,NaN,NaN
169,NaN,NaN
170,NaN,NaN
171,NaN,NaN
172,NaN,NaN
173,NaN,NaN
174,NaN,NaN
175,NaN,NaN
176,NaN,NaN
177,NaN,NaN
178,NaN,NaN
179,NaN,NaN
180,NaN,NaN
181,NaN,NaN
182,NaN,NaN
183,NaN,NaN
184,NaN,NaN
185,NaN,NaN
186,NaN,NaN
187,NaN,NaN
188,NaN,NaN
189,NaN,NaN
190,NaN,NaN
191,NaN,NaN
192,NaN,NaN
193,NaN,NaN
194,NaN,NaN
195,NaN,NaN
196,NaN,NaN
197,NaN,NaN
198,NaN,NaN
199,NaN,NaN
200,NaN,0.31458
201,NaN,0.31458
202,NaN,0.31458
203,NaN,0.31458
204,NaN,0.31458
205,NaN,0.31458
206,NaN,0.31458
207,NaN,0.31458
208,NaN,0.31458
209,NaN,0.31458
210,NaN,0.31458
211,NaN,0.31458
212,NaN,0.31458
213,NaN,0.31458
214,NaN,0.31458
215,NaN,0.31458
216,NaN,0.31458
217,NaN,0.31458
218,NaN,0.31458
219,NaN,0.31458
220,NaN,0.31458
221,NaN,0.31458
222,NaN,0.31458
223,NaN,0.31458
224,NaN,0.31458
225,NaN,0.31458
226,NaN,0.31458
227,NaN,0.31458
228,NaN,0.31458
229,NaN,0.31458
230,NaN,0.31458
231,NaN,0.31458
232,NaN,0.31458
233,NaN,0.31458
234,NaN,0.31458
235,NaN,0.31458
236,NaN,0.31458
237,NaN,0.31458
238,NaN,0.31458
239,NaN,0.31458
240,NaN,0.31458
241,NaN,0.31458
242,NaN,0.31458
243,NaN,0.31458
244,NaN,0.31458
245,NaN,0.31458
246,NaN,0.31458
247,NaN,0.31458
248,NaN,0.31458
249,NaN,0.31458
250,NaN,0.31458
251,NaN,0.31458
252,NaN,0.31458
253,NaN,0.31458
254,NaN,0.31458
255,NaN,0.31458
256,NaN,0.31458
257,NaN,0.31458
258,NaN,0.31458
259,NaN,0.31458
260,NaN,0.31458
261,NaN,0.31458
262,NaN,0.31458
263,NaN,0.31458
264,NaN,0.31458
265,NaN,0.31458
266,NaN,0.31458
267,NaN,0.31458
268,NaN,0.31458
269,NaN,0.31458
270,NaN,0.31458
271,NaN,0.31458
272,NaN,0.31458
273,NaN,0.31458
274,NaN,0.31458
275,NaN,0.31458
276,NaN,0.31458
277,NaN,0.31458
278,NaN,0.31458
279,NaN,0.31458
280,NaN,0.31458
281,NaN,0.31458
282,NaN,0.31458
283,NaN,0.31458
284,NaN,0.31458
285,NaN,0.31458
286,NaN,0.31458
287,NaN,0.31458
288,NaN,0.31458
289,NaN,0.31458
290,NaN,0.31458
291,NaN,0.31458
292,NaN,0.31458
293,NaN,0.31458
294,NaN,0.31458
295,NaN,0.31458
296,NaN,0.31458
297,NaN,0.31458
298,NaN,0.31458
299,NaN,0.31458
300,NaN,0.32203
301,NaN,0.32203
302,NaN,0.32203
303,NaN,0.32203
304,NaN,0.32203
305,NaN,0.32203
306,NaN,0.32203
307,NaN,0.32203
308,NaN,0.32203
309,NaN,0.32203
310,NaN,0.32203
311,NaN,0.32203
312,NaN,0.32203
313,NaN,0.32203
314,NaN,0.32203
315,NaN,0.32203
316,NaN,0.32203
317,NaN,0.32203
318,NaN,0.32203
319,NaN,0.32203
320,NaN,0.32203
321,NaN,0.32203
322,NaN,0.32203
323,NaN,0.32203
324,NaN,0.32203
325,NaN,0.32203
326,NaN,0.32203
327,NaN,0.32203
328,NaN,0.32203
329,NaN,0.32203
330,NaN,0.32203
331,NaN,0.32203
332,NaN,0.32203
333,NaN,0.32203
334,NaN,0.32203
335,NaN,0.32203
336,NaN,0.32203
337,NaN,0.32203
338,NaN,0.32203
339,NaN,0.32203
340,NaN,0.32203
341,NaN,0.32203
342,NaN,0.32203
343,NaN,0.32203
344,NaN,0.32203
345,NaN,0.32203
346,NaN,0.32203
347,NaN,0.32203
348,NaN,0.32203
349,NaN,0.32203
350,NaN,0.32203
351,NaN,0.32203
352,NaN,0.32203
353,NaN,0.32203
354,NaN,0.32203
355,NaN,0.32203
356,NaN,0.32203
357,NaN,0.32203
358,NaN,0.32203
359,NaN,0.32203
360,NaN,0.32203
361,NaN,0.32203
362,NaN,0.32203
363,NaN,0.32203
364,NaN,0.32203
365,NaN,0.32203
366,NaN,0.32203
367,NaN,0.32203
368,NaN,0.32203
369,NaN,0.32203
370,NaN,0.32203
371,NaN,0.32203
372,NaN,0.32203
373,NaN,0.32203
374,NaN,0.32203
375,NaN,0.32203
376,NaN,0.32203
377,NaN,0.32203
378,NaN,0.32203
379,NaN,0.32203
380,NaN,0.32203
381,NaN,0.32203
382,NaN,0.32203
383,NaN,0.32203
384,NaN,0.32203
385,NaN,0.32203
386,NaN,0.32203
387,NaN,0.32203
388,NaN,0.32203
389,NaN,0.32203
390,NaN,0.32203
391,NaN,0.32203
392,NaN,0.32203
393,NaN,0.32203
394,NaN,0.32203
395,NaN,0.32203
396,NaN,0.32203
397,NaN,0.32203
398,NaN,0.32203
399,NaN,0.32203
400,NaN,0.31786
401,NaN,0.31786
402,NaN,0.31786
403,NaN,0.31786
404,NaN,0.31786
405,NaN,0.31786
406,NaN,0.31786
407,NaN,0.31786
408,NaN,0.31786
409,NaN,0.31786
410,NaN,0.31786
411,NaN,0.31786
412,NaN,0.31786
413,NaN,0.31786
414,NaN,0.31786
415,NaN,0.31786
416,NaN,0.31786
417,NaN,0.31786
418,NaN,0.31786
419,NaN,0.31786
420,NaN,0.31786
421,NaN,0.31786
422,NaN,0.31786
423,NaN,0.31786
424,NaN,0.31786
425,NaN,0.31786
426,NaN,0.31786
427,NaN,0.31786
428,NaN,0.31786
429,NaN,0.31786
430,NaN,0.31786
431,NaN,0.31786
432,NaN,0.31786
433,NaN,0.31786
434,NaN,0.31786
435,NaN,0.31786
436,NaN,0.31786
437,NaN,0.31786
438,NaN,0.31786
439,NaN,0.31786
440,NaN,0.31786
441,NaN,0.31786
442,NaN,0.31786
443,NaN,0.31786
444,NaN,0.31786
445,NaN,0.31786
446,NaN,0.31786
447,NaN,0.31786
448,NaN,0.31786
449,NaN,0.31786
450,NaN,0.31786
451,NaN,0.31786
452,NaN,0.31786
453,NaN,0.31786
454,NaN,0.31786
455,NaN,0.31786
456,NaN,0.31786
457,NaN,0.31786
458,NaN,0.31786
459,NaN,0.31786
460,NaN,0.31786
461,NaN,0.31786
462,NaN,0.31786
463,NaN,0.31786
464,NaN,0.31786
465,NaN,0.31786
466,NaN,0.31786
467,NaN,0.31786
468,NaN,0.31786
469,NaN,0.31786
470,NaN,0.31786
471,NaN,0.31786
472,NaN,0.31786
473,NaN,0.31786
474,NaN,0.31786
475,NaN,0.31786
476,NaN,0.31786
477,NaN,0.31786
478,NaN,0.31786
479,NaN,0.31786
480,NaN,0.31786
481,NaN,0.31786
482,NaN,0.31786
483,NaN,0.31786
484,NaN,0.31786
485,NaN,0.31786
486,NaN,0.31786
487,NaN,0.31786
488,NaN,0.31786
489,NaN,0.31786
490,NaN,0.31786
491,NaN,0.31786
492,NaN,0.31786
493,NaN,0.31786
494,NaN,0.31786
495,NaN,0.31786
496,NaN,0.31786
497,NaN,0.31786
498,NaN,0.31786
499,NaN,0.31786
500,-0.29233,0.30803
501,-0.28731,0.30803
502,-0.28049,0.30803
503,-0.27222,0.30803
504,-0.26177,0.30803
505,-0.24773,0.30803
506,-0.22877,0.30803
507,-0.20468,0.30803
508,-0.17704,0.30803
509,-0.14915,0.30803
510,-0.12529,0.30803
511,-0.1093,0.30803
512,-0.10323,0.30803
513,-0.10636,0.30803
514,-0.11521,0.30803
515,-0.12445,0.30803
516,-0.12851,0.30803
517,-0.12336,0.30803
518,-0.10778,0.30803
519,-0.08383,0.30803
520,-0.056147,0.30803
521,-0.030581,0.30803
522,-0.01246,0.30803
523,-0.0051571,0.30803
524,-0.0093766,0.30803
525,-0.023319,0.30803
526,-0.043549,0.30803
527,-0.066169,0.30803
528,-0.087833,0.30803
529,-0.10627,0.30803
530,-0.12026,0.30803
531,-0.12923,0.30803
532,-0.13288,0.30803
533,-0.13108,0.30803
534,-0.12419,0.30803
535,-0.1136,0.30803
536,-0.10224,0.30803
537,-0.094422,0.30803
538,-0.09509,0.30803
539,-0.10833,0.30803
540,-0.13581,0.30803
541,-0.17565,0.30803
542,-0.22236,0.30803
543,-0.26794,0.30803
544,-0.30402,0.30803
545,-0.3242,0.30803
546,-0.32595,0.30803
547,-0.31125,0.30803
548,-0.28573,0.30803
549,-0.25678,0.30803
550,-0.23102,0.30803
551,-0.21225,0.30803
552,-0.20047,0.30803
553,-0.19226,0.30803
554,-0.18222,0.30803
555,-0.16512,0.30803
556,-0.13777,0.30803
557,-0.10016,0.30803
558,-0.055603,0.30803
559,-0.0098279,0.30803
560,0.030533,0.30803
561,0.059654,0.30803
562,0.074,0.30803
563,0.073264,0.30803
564,0.060595,0.30803
565,0.04205,0.30803
566,0.025329,0.30803
567,0.01797,0.30803
568,0.025334,0.30803
569,0.048867,0.30803
570,0.085161,0.30803
571,0.12628,0.30803
572,0.16145,0.30803
573,0.17992,0.30803
574,0.17414,0.30803
575,0.14245,0.30803
576,0.090261,0.30803
577,0.029203,0.30803
578,-0.025611,0.30803
579,-0.059576,0.30803
580,-0.062641,0.30803
581,-0.032188,0.30803
582,0.026128,0.30803
583,0.099867,0.30803
584,0.17316,0.30803
585,0.23095,0.30803
586,0.26281,0.30803
587,0.26542,0.30803
588,0.24284,0.30803
589,0.20491,0.30803
590,0.16408,0.30803
591,0.13197,0.30803
592,0.11633,0.30803
593,0.11946,0.30803
594,0.13823,0.30803
595,0.1656,0.30803
596,0.19301,0.30803
597,0.21294,0.30803
598,0.22081,0.30803
599,0.21582,0.30803
600,0.20055,0.30127
601,0.17956,0.30127
602,0.1576,0.30127
603,0.13792,0.30127
604,0.12133,0.30127
605,0.10614,0.30127
606,0.089022,0.30127
607,0.066426,0.30127
608,0.036012,0.30127
609,-0.0023164,0.30127
610,-0.046118,0.30127
611,-0.090914,0.30127
612,-0.1313,0.30127
613,-0.16236,0.30127
614,-0.18095,0.30127
615,-0.18657,0.30127
616,-0.18152,0.30127
617,-0.17047,0.30127
618,-0.15933,0.30127
619,-0.15377,0.30127
620,-0.15778,0.30127
621,-0.17251,0.30127
622,-0.19583,0.30127
623,-0.2227,0.30127
624,-0.24635,0.30127
625,-0.2601,0.30127
626,-0.25914,0.30127
627,-0.24192,0.30127
628,-0.2107,0.30127
629,-0.17093,0.30127
630,-0.12983,0.30127
631,-0.094454,0.30127
632,-0.069924,0.30127
633,-0.058346,0.30127
634,-0.058717,0.30127
635,-0.067796,0.30127
636,-0.081573,0.30127
637,-0.096785,0.30127
638,-0.11194,0.30127
639,-0.12752,0.30127
640,-0.14533,0.30127
641,-0.16732,0.30127
642,-0.19424,0.30127
643,-0.22482,0.30127
644,-0.2556,0.30127
645,-0.28158,0.30127
646,-0.2974,0.30127
647,-0.29884,0.30127
648,-0.28392,0.30127
649,-0.25354,0.30127
650,-0.21135,0.30127
651,-0.16304,0.30127
652,-0.11517,0.30127
653,-0.073836,0.30127
654,-0.043608,0.30127
655,-0.026803,0.30127
656,-0.023324,0.30127
657,-0.030988,0.30127
658,-0.046227,0.30127
659,-0.064922,0.30127
660,-0.083139,0.30127
661,-0.097615,0.30127
662,-0.10593,0.30127
663,-0.10644,0.30127
664,-0.098205,0.30127
665,-0.080987,0.30127
666,-0.055437,0.30127
667,-0.023397,0.30127
668,0.011923,0.30127
669,0.046114,0.30127
670,0.074226,0.30127
671,0.091832,0.30127
672,0.096237,0.30127
673,0.08737,0.30127
674,0.067998,0.30127
675,0.043058,0.30127
676,0.018262,0.30127
677,-0.0015864,0.30127
678,-0.013972,0.30127
679,-0.019222,0.30127
680,-0.020023,0.30127
681,-0.020062,0.30127
682,-0.022331,0.30127
683,-0.027771,0.30127
684,-0.034816,0.30127
685,-0.040065,0.30127
686,-0.039858,0.30127
687,-0.032155,0.30127
688,-0.017969,0.30127
689,-0.0017432,0.30127
690,0.0096044,0.30127
691,0.0087053,0.30127
692,-0.0097871,0.30127
693,-0.047131,0.30127
694,-0.099583,0.30127
695,-0.15901,0.30127
696,-0.21494,0.30127
697,-0.25737,0.30127
698,-0.27962,0.30127
699,-0.28007,0.30127
700,-0.26255,0.29407
701,-0.23498,0.29407
702,-0.20689,0.29407
703,-0.18662,0.29407
704,-0.179,0.29407
705,-0.18426,0.29407
706,-0.19854,0.29407
707,-0.21555,0.29407
708,-0.22888,0.29407
709,-0.23415,0.29407
710,-0.23026,0.29407
711,-0.21932,0.29407
712,-0.2056,0.29407
713,-0.1937,0.29407
714,-0.18685,0.29407
715,-0.18574,0.29407
716,-0.18849,0.29407
717,-0.19148,0.29407
718,-0.1908,0.29407
719,-0.18373,0.29407
720,-0.16968,0.29407
721,-0.15032,0.29407
722,-0.12877,0.29407
723,-0.10842,0.29407
724,-0.091591,0.29407
725,-0.078736,0.29407
726,-0.068411,0.29407
727,-0.058017,0.29407
728,-0.045038,0.29407
729,-0.028305,0.29407
730,-0.008815,0.29407
731,0.010221,0.29407
732,0.024138,0.29407
733,0.028162,0.29407
734,0.018902,0.29407
735,-0.0044921,0.29407
736,-0.0399,0.29407
737,-0.082674,0.29407
738,-0.12684,0.29407
739,-0.16666,0.29407
740,-0.19817,0.29407
741,-0.22003,0.29407
742,-0.23365,0.29407
743,-0.24235,0.29407
744,-0.24998,0.29407
745,-0.25942,0.29407
746,-0.2714,0.29407
747,-0.28414,0.29407
748,-0.29392,0.29407
749,-0.29634,0.29407
750,-0.2879,0.29407
751,-0.26738,0.29407
752,-0.23645,0.29407
753,-0.19932,0.29407
754,-0.16154,0.29407
755,-0.12835,0.29407
756,-0.10312,0.29407
757,-0.086429,0.29407
758,-0.076122,0.29407
759,-0.068255,0.29407
760,-0.058635,0.29407
761,-0.044353,0.29407
762,-0.024794,0.29407
763,-0.0017724,0.29407
764,0.021203,0.29407
765,0.040223,0.29407
766,0.052314,0.29407
767,0.056328,0.29407
768,0.053074,0.29407
769,0.044724,0.29407
770,0.033776,0.29407
771,0.022067,0.29407
772,0.010234,0.29407
773,-0.0021345,0.29407
774,-0.015757,0.29407
775,-0.030668,0.29407
776,-0.04546,0.29407
777,-0.057135,0.29407
778,-0.061739,0.29407
779,-0.055608,0.29407
780,-0.036776,0.29407
781,-0.0060325,0.29407
782,0.032832,0.29407
783,0.073732,0.29407
784,0.10974,0.29407
785,0.13483,0.29407
786,0.14528,0.29407
787,0.14029,0.29407
788,0.12175,0.29407
789,0.093254,0.29407
790,0.058829,0.29407
791,0.02204,0.29407
792,-0.014375,0.29407
793,-0.048232,0.29407
794,-0.077322,0.29407
795,-0.099017,0.29407
796,-0.11043,0.29407
797,-0.10926,0.29407
798,-0.094966,0.29407
799,-0.069864,0.29407
800,-0.039345,0.29407
801,-0.011009,0.29407
802,0.0072544,0.29407
803,0.0096661,0.29407
804,-0.0054395,0.29407
805,-0.034805,0.29407
806,-0.071061,0.29407
807,-0.10498,0.29407
808,-0.12841,0.29407
809,-0.13681,0.29407
810,-0.13051,0.29407
811,-0.11406,0.29407
812,-0.094197,0.29407
813,-0.076937,0.29407
814,-0.065231,0.29407
815,-0.057972,0.29407
816,-0.050811,0.29407
817,-0.038428,0.29407
818,-0.017299,0.29407
819,0.012193,0.29407
820,0.04522,0.29407
821,0.073833,0.29407
822,0.089677,0.29407
823,0.087091,0.29407
824,0.065379,0.29407
825,0.029379,0.29407
826,-0.01194,0.29407
827,-0.048359,0.29407
828,-0.07175,0.29407
829,-0.07866,0.29407
830,-0.071242,0.29407
831,-0.056213,0.29407
832,-0.04224,0.29407
833,-0.036729,0.29407
834,-0.04317,0.29407
835,-0.059968,0.29407
836,-0.081152,0.29407
837,-0.098636,0.29407
838,-0.10519,0.29407
839,-0.097019,0.29407
840,-0.07509,0.29407
841,-0.044693,0.29407
842,-0.013561,0.29407
843,0.010788,0.29407
844,0.023499,0.29407
845,0.023779,0.29407
846,0.01485,0.29407
847,0.0025729,0.29407
848,-0.0066701,0.29407
849,-0.0080482,0.29407
850,0.00037905,0.29407
851,0.01742,0.29407
852,0.039541,0.29407
853,0.06228,0.29407
854,0.081697,0.29407
855,0.095372,0.29407
856,0.10265,0.29407
857,0.10423,0.29407
858,0.10133,0.29407
859,0.094865,0.29407
860,0.085065,0.29407
861,0.071568,0.29407
862,0.054028,0.29407
863,0.032902,0.29407
864,0.010069,0.29407
865,-0.011051,0.29407
866,-0.025998,0.29407
867,-0.0303,0.29407
868,-0.020739,0.29407
869,0.0035634,0.29407
870,0.040603,0.29407
871,0.085677,0.29407
872,0.13229,0.29407
873,0.17351,0.29407
874,0.20345,0.29407
875,0.21833,0.29407
876,0.21711,0.29407
877,0.20126,0.29407
878,0.17408,0.29407
879,0.1396,0.29407
880,0.10161,0.29407
881,0.062927,0.29407
882,0.02518,0.29407
883,-0.0109,0.29407
884,-0.044863,0.29407
885,-0.075875,0.29407
886,-0.10226,0.29407
887,-0.12153,0.29407
888,-0.13086,0.29407
889,-0.12803,0.29407
890,-0.11246,0.29407
891,-0.085891,0.29407
892,-0.052611,0.29407
893,-0.018801,0.29407
894,0.0087633,0.29407
895,0.024381,0.29407
896,0.024963,0.29407
897,0.010929,0.29407
898,-0.013891,0.29407
899,-0.043373,0.29407
900,-0.07093,0.29262
901,-0.091489,0.29262
902,-0.10295,0.29262
903,-0.10664,0.29262
904,-0.10653,0.29262
905,-0.10759,0.29262
906,-0.11362,0.29262
907,-0.12565,0.29262
908,-0.14114,0.29262
909,-0.15468,0.29262
910,-0.15975,0.29262
911,-0.15116,0.29262
912,-0.12723,0.29262
913,-0.090982,0.29262
914,-0.049811,0.29262
915,-0.013685,0.29262
916,0.0076954,0.29262
917,0.0078269,0.29262
918,-0.014497,0.29262
919,-0.054659,0.29262
920,-0.10348,0.29262
921,-0.14993,0.29262
922,-0.1844,0.29262
923,-0.20159,0.29262
924,-0.20195,0.29262
925,-0.19132,0.29262
926,-0.17889,0.29262
927,-0.17411,0.29262
928,-0.18353,0.29262
929,-0.20874,0.29262
930,-0.24577,0.29262
931,-0.28635,0.29262
932,-0.32038,0.29262
933,-0.33902,0.29262
934,-0.33719,0.29262
935,-0.31498,0.29262
936,-0.27748,0.29262
937,-0.23314,0.29262
938,-0.19133,0.29262
939,-0.15973,0.29262
940,-0.1424,0.29262
941,-0.13897,0.29262
942,-0.14518,0.29262
943,-0.15448,0.29262
944,-0.16017,0.29262
945,-0.15743,0.29262
946,-0.14472,0.29262
947,-0.12404,0.29262
948,-0.10026,0.29262
949,-0.079539,0.29262
950,-0.067434,0.29262
951,-0.06722,0.29262
952,-0.078811,0.29262
953,-0.098598,0.29262
954,-0.12018,0.29262
955,-0.13581,0.29262
956,-0.13819,0.29262
957,-0.12219,0.29262
958,-0.086076,0.29262
959,-0.032091,0.29262
960,0.033917,0.29262
961,0.10359,0.29262
962,0.16776,0.29262
963,0.21837,0.29262
964,0.25027,0.29262
965,0.26232,0.29262
966,0.25764,0.29262
967,0.24286,0.29262
968,0.2263,0.29262
969,0.21578,0.29262
970,0.21631,0.29262
971,0.2286,0.29262
972,0.24859,0.29262
973,0.26852,0.29262
974,0.27911,0.29262
975,0.27246,0.29262
976,0.24474,0.29262
977,0.19789,0.29262
978,0.13974,0.29262
979,0.082297,0.29262
980,0.038777,0.29262
981,0.019957,0.29262
982,0.031047,0.29262
983,0.06994,0.29262
984,0.12743,0.29262
985,0.18938,0.29262
986,0.24026,0.29262
987,0.2671,0.29262
988,0.26273,0.29262
989,0.2274,0.29262
990,0.16845,0.29262
991,0.098062,0.29262
992,0.029917,0.29262
993,-0.024297,0.29262
994,-0.057524,0.29262
995,-0.06842,0.29262
996,-0.060722,0.29262
997,-0.041274,0.29262
998,-0.01748,0.29262
999,0.0049219,0.29262
1000,0.034004,0.28291
1001,0.045529,0.28291
1002,0.053155,0.28291
1003,0.058411,0.28291
1004,0.062051,0.28291
1005,0.063379,0.28291
1006,0.060465,0.28291
1007,0.051141,0.28291
1008,0.034357,0.28291
1009,0.011281,0.28291
1010,-0.014394,0.28291
1011,-0.037171,0.28291
1012,-0.051341,0.28291
1013,-0.052899,0.28291
1014,-0.041112,0.28291
1015,-0.019105,0.28291
1016,0.0068196,0.28291
1017,0.02899,0.28291
1018,0.040761,0.28291
1019,0.038717,0.28291
1020,0.023953,0.28291
1021,0.0019546,0.28291
1022,-0.018938,0.28291
1023,-0.030054,0.28291
1024,-0.025142,0.28291
1025,-0.0024894,0.28291
1026,0.034269,0.28291
1027,0.076945,0.28291
1028,0.11498,0.28291
1029,0.13842,0.28291
1030,0.14072,0.28291
1031,0.12065,0.28291
1032,0.082638,0.28291
1033,0.035515,0.28291
1034,-0.0099513,0.28291
1035,-0.043997,0.28291
1036,-0.060379,0.28291
1037,-0.057754,0.28291
1038,-0.039577,0.28291
1039,-0.012622,0.28291
1040,0.015353,0.28291
1041,0.038028,0.28291
1042,0.052296,0.28291
1043,0.058888,0.28291
1044,0.061702,0.28291
1045,0.066141,0.28291
1046,0.07701,0.28291
1047,0.096682,0.28291
1048,0.12412,0.28291
1049,0.15503,0.28291
1050,0.18317,0.28291
1051,0.20224,0.28291
1052,0.20796,0.28291
1053,0.19943,0.28291
1054,0.1795,0.28291
1055,0.15399,0.28291
1056,0.12995,0.28291
1057,0.11353,0.28291
1058,0.1082,0.28291
1059,0.11378,0.28291
1060,0.12665,0.28291
1061,0.14103,0.28291
1062,0.15084,0.28291
1063,0.15169,0.28291
1064,0.14214,0.28291
1065,0.12413,0.28291
1066,0.10219,0.28291
1067,0.082008,0.28291
1068,0.06862,0.28291
1069,0.064948,0.28291
1070,0.071045,0.28291
1071,0.084258,0.28291
1072,0.10018,0.28291
1073,0.11402,0.28291
1074,0.12204,0.28291
1075,0.12243,0.28291
1076,0.11569,0.28291
1077,0.1042,0.28291
1078,0.091434,0.28291
1079,0.080899,0.28291
1080,0.07521,0.28291
1081,0.07553,0.28291
1082,0.081424,0.28291
1083,0.091125,0.28291
1084,0.10207,0.28291
1085,0.1115,0.28291
1086,0.11702,0.28291
1087,0.11692,0.28291
1088,0.11029,0.28291
1089,0.096947,0.28291
1090,0.077211,0.28291
1091,0.051735,0.28291
1092,0.021396,0.28291
1093,-0.012682,0.28291
1094,-0.049031,0.28291
1095,-0.085751,0.28291
1096,-0.12055,0.28291
1097,-0.15099,0.28291
1098,-0.17494,0.28291
1099,-0.19109,0.28291
1100,-0.19942,0.28963
1101,-0.20138,0.28963
1102,-0.19967,0.28963
1103,-0.19768,0.28963
1104,-0.19859,0.28963
1105,-0.20454,0.28963
1106,-0.21605,0.28963
1107,-0.23188,0.28963
1108,-0.24939,0.28963
1109,-0.26528,0.28963
1110,-0.27653,0.28963
1111,-0.28118,0.28963
1112,-0.27881,0.28963
1113,-0.27056,0.28963
1114,-0.25882,0.28963
1115,-0.24657,0.28963
1116,-0.23669,0.28963
1117,-0.23139,0.28963
1118,-0.23171,0.28963
1119,-0.2374,0.28963
1120,-0.24691,0.28963
1121,-0.25769,0.28963
1122,-0.26658,0.28963
1123,-0.27044,0.28963
1124,-0.26678,0.28963
1125,-0.25441,0.28963
1126,-0.23388,0.28963
1127,-0.20761,0.28963
1128,-0.17959,0.28963
1129,-0.15465,0.28963
1130,-0.13741,0.28963
1131,-0.13112,0.28963
1132,-0.13683,0.28963
1133,-0.15292,0.28963
1134,-0.17539,0.28963
1135,-0.19878,0.28963
1136,-0.21751,0.28963
1137,-0.22738,0.28963
1138,-0.2267,0.28963
1139,-0.21679,0.28963
1140,-0.20173,0.28963
1141,-0.18726,0.28963
1142,-0.17926,0.28963
1143,-0.18216,0.28963
1144,-0.19773,0.28963
1145,-0.22462,0.28963
1146,-0.25877,0.28963
1147,-0.29446,0.28963
1148,-0.32584,0.28963
1149,-0.34831,0.28963
1150,-0.35945,0.28963
1151,-0.35929,0.28963
1152,-0.34984,0.28963
1153,-0.3342,0.28963
1154,-0.31551,0.28963
1155,-0.29622,0.28963
1156,-0.27772,0.28963
1157,-0.2605,0.28963
1158,-0.2446,0.28963
1159,-0.23018,0.28963
1160,-0.2178,0.28963
1161,-0.20843,0.28963
1162,-0.20307,0.28963
1163,-0.20218,0.28963
1164,-0.20521,0.28963
1165,-0.21036,0.28963
1166,-0.2148,0.28963
1167,-0.21536,0.28963
1168,-0.20936,0.28963
1169,-0.19545,0.28963
1170,-0.17419,0.28963
1171,-0.14803,0.28963
1172,-0.12084,0.28963
1173,-0.096958,0.28963
1174,-0.080177,0.28963
1175,-0.072838,0.28963
1176,-0.075384,0.28963
1177,-0.086461,0.28963
1178,-0.1035,0.28963
1179,-0.12357,0.28963
1180,-0.14429,0.28963
1181,-0.16432,0.28963
1182,-0.18355,0.28963
1183,-0.2027,0.28963
1184,-0.22269,0.28963
1185,-0.24388,0.28963
1186,-0.26562,0.28963
1187,-0.28611,0.28963
1188,-0.30272,0.28963
1189,-0.31268,0.28963
1190,-0.31381,0.28963
1191,-0.30512,0.28963
1192,-0.28708,0.28963
1193,-0.26145,0.28963
1194,-0.23088,0.28963
1195,-0.19833,0.28963
1196,-0.1665,0.28963
1197,-0.13759,0.28963
1198,-0.11321,0.28963
1199,-0.094431,0.28963
1200,-0.08186,0.28963
1201,-0.075647,0.28963
1202,-0.07535,0.28963
1203,-0.079813,0.28963
1204,-0.087184,0.28963
1205,-0.095205,0.28963
1206,-0.10177,0.28963
1207,-0.10564,0.28963
1208,-0.10696,0.28963
1209,-0.10736,0.28963
1210,-0.10952,0.28963
1211,-0.11617,0.28963
1212,-0.1288,0.28963
1213,-0.14674,0.28963
1214,-0.16678,0.28963
1215,-0.1838,0.28963
1216,-0.1921,0.28963
1217,-0.18724,0.28963
1218,-0.16768,0.28963
1219,-0.13558,0.28963
1220,-0.096593,0.28963
1221,-0.058447,0.28963
1222,-0.028922,0.28963
1223,-0.013717,0.28963
1224,-0.014946,0.28963
1225,-0.030685,0.28963
1226,-0.055665,0.28963
1227,-0.082835,0.28963
1228,-0.10526,0.28963
1229,-0.11774,0.28963
1230,-0.11783,0.28963
1231,-0.10591,0.28963
1232,-0.084652,0.28963
1233,-0.058096,0.28963
1234,-0.030727,0.28963
1235,-0.0067763,0.28963
1236,0.010186,0.28963
1237,0.017477,0.28963
1238,0.013511,0.28963
1239,-0.0019089,0.28963
1240,-0.027276,0.28963
1241,-0.05923,0.28963
1242,-0.092818,0.28963
1243,-0.1223,0.28963
1244,-0.14244,0.28963
1245,-0.14998,0.28963
1246,-0.14476,0.28963
1247,-0.1301,0.28963
1248,-0.11205,0.28963
1249,-0.097701,0.28963
1250,-0.09296,0.28963
1251,-0.10047,0.28963
1252,-0.11852,0.28963
1253,-0.14121,0.28963
1254,-0.16022,0.28963
1255,-0.16731,0.28963
1256,-0.15704,0.28963
1257,-0.12871,0.28963
1258,-0.086733,0.28963
1259,-0.039475,0.28963
1260,0.0032241,0.28963
1261,0.032922,0.28963
1262,0.044892,0.28963
1263,0.039116,0.28963
1264,0.019671,0.28963
1265,-0.0071952,0.28963
1266,-0.035534,0.28963
1267,-0.061759,0.28963
1268,-0.085546,0.28963
1269,-0.10928,0.28963
1270,-0.13632,0.28963
1271,-0.16881,0.28963
1272,-0.20596,0.28963
1273,-0.24356,0.28963
1274,-0.27496,0.28963
1275,-0.29323,0.28963
1276,-0.29377,0.28963
1277,-0.27634,0.28963
1278,-0.24571,0.28963
1279,-0.21067,0.28963
1280,-0.18157,0.28963
1281,-0.16722,0.28963
1282,-0.17224,0.28963
1283,-0.1956,0.28963
1284,-0.23111,0.28963
1285,-0.26946,0.28963
1286,-0.30119,0.28963
1287,-0.31966,0.28963
1288,-0.32278,0.28963
1289,-0.31329,0.28963
1290,-0.29718,0.28963
1291,-0.28127,0.28963
1292,-0.27051,0.28963
1293,-0.26635,0.28963
1294,-0.26643,0.28963
1295,-0.26591,0.28963
1296,-0.25972,0.28963
1297,-0.24497,0.28963
1298,-0.22241,0.28963
1299,-0.19646,0.28963
1300,-0.17558,0.29677
1301,-0.1603,0.29677
1302,-0.15846,0.29677
1303,-0.16981,0.29677
1304,-0.18957,0.29677
1305,-0.20985,0.29677
1306,-0.22236,0.29677
1307,-0.22128,0.29677
1308,-0.20538,0.29677
1309,-0.17858,0.29677
1310,-0.14873,0.29677
1311,-0.125,0.29677
1312,-0.11477,0.29677
1313,-0.12107,0.29677
1314,-0.14149,0.29677
1315,-0.1689,0.29677
1316,-0.19366,0.29677
1317,-0.20659,0.29677
1318,-0.20173,0.29677
1319,-0.17795,0.29677
1320,-0.13893,0.29677
1321,-0.091809,0.29677
1322,-0.044856,0.29677
1323,-0.0051292,0.29677
1324,0.023123,0.29677
1325,0.038922,0.29677
1326,0.043858,0.29677
1327,0.040633,0.29677
1328,0.031472,0.29677
1329,0.017005,0.29677
1330,-0.0040158,0.29677
1331,-0.034095,0.29677
1332,-0.07577,0.29677
1333,-0.13023,0.29677
1334,-0.19626,0.29677
1335,-0.26994,0.29677
1336,-0.34508,0.29677
1337,-0.41438,0.29677
1338,-0.471,0.29677
1339,-0.51006,0.29677
1340,-0.52972,0.29677
1341,-0.53161,0.29677
1342,-0.5204,0.29677
1343,-0.5027,0.29677
1344,-0.48544,0.29677
1345,-0.47412,0.29677
1346,-0.47145,0.29677
1347,-0.47659,0.29677
1348,-0.4854,0.29677
1349,-0.49156,0.29677
1350,-0.48839,0.29677
1351,-0.47081,0.29677
1352,-0.43694,0.29677
1353,-0.38876,0.29677
1354,-0.3318,0.29677
1355,-0.27363,0.29677
1356,-0.22192,0.29677
1357,-0.18244,0.29677
1358,-0.15766,0.29677
1359,-0.1464,0.29677
1360,-0.14454,0.29677
1361,-0.14644,0.29677
1362,-0.14666,0.29677
1363,-0.14139,0.29677
1364,-0.12908,0.29677
1365,-0.11037,0.29677
1366,-0.087267,0.29677
1367,-0.0622,0.29677
1368,-0.037178,0.29677
1369,-0.01344,0.29677
1370,0.0084264,0.29677
1371,0.028051,0.29677
1372,0.04486,0.29677
1373,0.057934,0.29677
1374,0.066244,0.29677
1375,0.069188,0.29677
1376,0.06714,0.29677
1377,0.061722,0.29677
1378,0.055584,0.29677
1379,0.051688,0.29677
1380,0.052318,0.29677
1381,0.058172,0.29677
1382,0.067895,0.29677
1383,0.078281,0.29677
1384,0.085096,0.29677
1385,0.084291,0.29677
1386,0.073165,0.29677
1387,0.051101,0.29677
1388,0.019626,0.29677
1389,-0.018174,0.29677
1390,-0.058631,0.29677
1391,-0.098478,0.29677
1392,-0.13547,0.29677
1393,-0.16846,0.29677
1394,-0.19698,0.29677
1395,-0.22058,0.29677
1396,-0.23832,0.29677
1397,-0.24855,0.29677
1398,-0.24933,0.29677
1399,-0.2391,0.29677
1400,-0.18795,0.29913
1401,-0.16306,0.29913
1402,-0.13439,0.29913
1403,-0.10482,0.29913
1404,-0.077221,0.29913
1405,-0.053856,0.29913
1406,-0.035871,0.29913
1407,-0.023189,0.29913
1408,-0.014786,0.29913
1409,-0.0092428,0.29913
1410,-0.0053599,0.29913
1411,-0.002598,0.29913
1412,-0.001173,0.29913
1413,-0.0017846,0.29913
1414,-0.0051023,0.29913
1415,-0.011236,0.29913
1416,-0.019431,0.29913
1417,-0.02814,0.29913
1418,-0.035478,0.29913
1419,-0.039899,0.29913
1420,-0.040839,0.29913
1421,-0.039063,0.29913
1422,-0.036552,0.29913
1423,-0.035938,0.29913
1424,-0.03966,0.29913
1425,-0.049152,0.29913
1426,-0.064333,0.29913
1427,-0.08361,0.29913
1428,-0.1044,0.29913
1429,-0.12397,0.29913
1430,-0.14036,0.29913
1431,-0.15299,0.29913
1432,-0.16275,0.29913
1433,-0.17164,0.29913
1434,-0.18195,0.29913
1435,-0.19532,0.29913
1436,-0.21214,0.29913
1437,-0.23128,0.29913
1438,-0.2505,0.29913
1439,-0.26718,0.29913
1440,-0.27934,0.29913
1441,-0.28639,0.29913
1442,-0.2895,0.29913
1443,-0.29145,0.29913
1444,-0.29582,0.29913
1445,-0.30606,0.29913
1446,-0.32448,0.29913
1447,-0.35153,0.29913
1448,-0.38569,0.29913
1449,-0.42383,0.29913
1450,-0.46198,0.29913
1451,-0.49637,0.29913
1452,-0.52429,0.29913
1453,-0.54462,0.29913
1454,-0.55789,0.29913
1455,-0.56589,0.29913
1456,-0.57094,0.29913
1457,-0.575,0.29913
1458,-0.57891,0.29913
1459,-0.58207,0.29913
1460,-0.58245,0.29913
1461,-0.57722,0.29913
1462,-0.56368,0.29913
1463,-0.54033,0.29913
1464,-0.50778,0.29913
1465,-0.46906,0.29913
1466,-0.42943,0.29913
1467,-0.39529,0.29913
1468,-0.3728,0.29913
1469,-0.36622,0.29913
1470,-0.37676,0.29913
1471,-0.402,0.29913
1472,-0.43633,0.29913
1473,-0.47217,0.29913
1474,-0.50169,0.29913
1475,-0.51858,0.29913
1476,-0.51932,0.29913
1477,-0.50376,0.29913
1478,-0.47479,0.29913
1479,-0.43739,0.29913
1480,-0.39733,0.29913
1481,-0.35983,0.29913
1482,-0.32866,0.29913
1483,-0.30565,0.29913
1484,-0.29079,0.29913
1485,-0.28267,0.29913
1486,-0.27913,0.29913
1487,-0.27794,0.29913
1488,-0.27737,0.29913
1489,-0.27646,0.29913
1490,-0.2751,0.29913
1491,-0.27375,0.29913
1492,-0.27318,0.29913
1493,-0.274,0.29913
1494,-0.27641,0.29913
1495,-0.28005,0.29913
1496,-0.28411,0.29913
1497,-0.28761,0.29913
1498,-0.28978,0.29913
1499,-0.29038,0.29913
1500,-0.28981,0.28634
1501,-0.28908,0.28634
1502,-0.28949,0.28634
1503,-0.29225,0.28634
1504,-0.29817,0.28634
1505,-0.30738,0.28634
1506,-0.31935,0.28634
1507,-0.33303,0.28634
1508,-0.3471,0.28634
1509,-0.36028,0.28634
1510,-0.37158,0.28634
1511,-0.38045,0.28634
1512,-0.38685,0.28634
1513,-0.39126,0.28634
1514,-0.39453,0.28634
1515,-0.39768,0.28634
1516,-0.4016,0.28634
1517,-0.40678,0.28634
1518,-0.41301,0.28634
1519,-0.41932,0.28634
1520,-0.4241,0.28634
1521,-0.42554,0.28634
1522,-0.4222,0.28634
1523,-0.41353,0.28634
1524,-0.40032,0.28634
1525,-0.38458,0.28634
1526,-0.36917,0.28634
1527,-0.35697,0.28634
1528,-0.35003,0.28634
1529,-0.3489,0.28634
1530,-0.35241,0.28634
1531,-0.35807,0.28634
1532,-0.36286,0.28634
1533,-0.36426,0.28634
1534,-0.3611,0.28634
1535,-0.35402,0.28634
1536,-0.34527,0.28634
1537,-0.33799,0.28634
1538,-0.33522,0.28634
1539,-0.33895,0.28634
1540,-0.34949,0.28634
1541,-0.36539,0.28634
1542,-0.38385,0.28634
1543,-0.40148,0.28634
1544,-0.41504,0.28634
1545,-0.4222,0.28634
1546,-0.42181,0.28634
1547,-0.41404,0.28634
1548,-0.40017,0.28634
1549,-0.38228,0.28634
1550,-0.36291,0.28634
1551,-0.34476,0.28634
1552,-0.33028,0.28634
1553,-0.32138,0.28634
1554,-0.31908,0.28634
1555,-0.32326,0.28634
1556,-0.33267,0.28634
1557,-0.34507,0.28634
1558,-0.35785,0.28634
1559,-0.3686,0.28634
1560,-0.37585,0.28634
1561,-0.37943,0.28634
1562,-0.38058,0.28634
1563,-0.38151,0.28634
1564,-0.38474,0.28634
1565,-0.3923,0.28634
1566,-0.40522,0.28634
1567,-0.42325,0.28634
1568,-0.44516,0.28634
1569,-0.46918,0.28634
1570,-0.49362,0.28634
1571,-0.51722,0.28634
1572,-0.53925,0.28634
1573,-0.55923,0.28634
1574,-0.57647,0.28634
1575,-0.58979,0.28634
1576,-0.59742,0.28634
1577,-0.59742,0.28634
1578,-0.58835,0.28634
1579,-0.56997,0.28634
1580,-0.54379,0.28634
1581,-0.51302,0.28634
1582,-0.48201,0.28634
1583,-0.45521,0.28634
1584,-0.4361,0.28634
1585,-0.42621,0.28634
1586,-0.42486,0.28634
1587,-0.42942,0.28634
1588,-0.43623,0.28634
1589,-0.44178,0.28634
1590,-0.44374,0.28634
1591,-0.44163,0.28634
1592,-0.43676,0.28634
1593,-0.43173,0.28634
1594,-0.42929,0.28634
1595,-0.43139,0.28634
1596,-0.43832,0.28634
1597,-0.44851,0.28634
1598,-0.45891,0.28634
1599,-0.46592,0.28634
1600,-0.4665,0.28634
1601,-0.45919,0.28634
1602,-0.44467,0.28634
1603,-0.4256,0.28634
1604,-0.40594,0.28634
1605,-0.38975,0.28634
1606,-0.38004,0.28634
1607,-0.37782,0.28634
1608,-0.38192,0.28634
1609,-0.38938,0.28634
1610,-0.39648,0.28634
1611,-0.40003,0.28634
1612,-0.3985,0.28634
1613,-0.39257,0.28634
1614,-0.385,0.28634
1615,-0.37976,0.28634
1616,-0.38066,0.28634
1617,-0.39005,0.28634
1618,-0.40785,0.28634
1619,-0.43138,0.28634
1620,-0.45598,0.28634
1621,-0.4763,0.28634
1622,-0.48781,0.28634
1623,-0.48812,0.28634
1624,-0.47759,0.28634
1625,-0.45913,0.28634
1626,-0.43717,0.28634
1627,-0.41631,0.28634
1628,-0.39989,0.28634
1629,-0.38913,0.28634
1630,-0.38301,0.28634
1631,-0.37889,0.28634
1632,-0.37376,0.28634
1633,-0.36552,0.28634
1634,-0.35395,0.28634
1635,-0.34103,0.28634
1636,-0.33042,0.28634
1637,-0.32639,0.28634
1638,-0.33239,0.28634
1639,-0.34977,0.28634
1640,-0.37711,0.28634
1641,-0.41023,0.28634
1642,-0.4431,0.28634
1643,-0.46924,0.28634
1644,-0.48333,0.28634
1645,-0.48247,0.28634
1646,-0.46693,0.28634
1647,-0.43995,0.28634
1648,-0.40684,0.28634
1649,-0.37361,0.28634
1650,-0.34549,0.28634
1651,-0.32577,0.28634
1652,-0.31536,0.28634
1653,-0.31294,0.28634
1654,-0.31579,0.28634
1655,-0.32086,0.28634
1656,-0.32575,0.28634
1657,-0.32934,0.28634
1658,-0.33185,0.28634
1659,-0.33448,0.28634
1660,-0.33872,0.28634
1661,-0.3457,0.28634
1662,-0.35577,0.28634
1663,-0.3685,0.28634
1664,-0.38294,0.28634
1665,-0.39816,0.28634
1666,-0.41365,0.28634
1667,-0.42955,0.28634
1668,-0.44648,0.28634
1669,-0.4651,0.28634
1670,-0.48559,0.28634
1671,-0.50722,0.28634
1672,-0.52832,0.28634
1673,-0.54663,0.28634
1674,-0.55996,0.28634
1675,-0.56698,0.28634
1676,-0.56773,0.28634
1677,-0.56374,0.28634
1678,-0.55756,0.28634
1679,-0.55187,0.28634
1680,-0.54852,0.28634
1681,-0.54778,0.28634
1682,-0.54828,0.28634
1683,-0.54756,0.28634
1684,-0.54326,0.28634
1685,-0.53434,0.28634
1686,-0.5221,0.28634
1687,-0.51023,0.28634
1688,-0.5041,0.28634
1689,-0.50907,0.28634
1690,-0.5287,0.28634
1691,-0.56311,0.28634
1692,-0.60841,0.28634
1693,-0.65723,0.28634
1694,-0.70054,0.28634
1695,-0.72991,0.28634
1696,-0.73986,0.28634
1697,-0.72931,0.28634
1698,-0.7017,0.28634
1699,-0.66386,0.28634
1700,-0.62385,0.28634
1701,-0.58857,0.28634
1702,-0.5619,0.28634
1703,-0.54401,0.28634
1704,-0.53191,0.28634
1705,-0.52112,0.28634
1706,-0.5077,0.28634
1707,-0.49,0.28634
1708,-0.4694,0.28634
1709,-0.44997,0.28634
1710,-0.43702,0.28634
1711,-0.43522,0.28634
1712,-0.44683,0.28634
1713,-0.47081,0.28634
1714,-0.50289,0.28634
1715,-0.53669,0.28634
1716,-0.56543,0.28634
1717,-0.58366,0.28634
1718,-0.58851,0.28634
1719,-0.58021,0.28634
1720,-0.56174,0.28634
1721,-0.5379,0.28634
1722,-0.5141,0.28634
1723,-0.49519,0.28634
1724,-0.48458,0.28634
1725,-0.48382,0.28634
1726,-0.49244,0.28634
1727,-0.50826,0.28634
1728,-0.5278,0.28634
1729,-0.54702,0.28634
1730,-0.56199,0.28634
1731,-0.56968,0.28634
1732,-0.56856,0.28634
1733,-0.55894,0.28634
1734,-0.54289,0.28634
1735,-0.52374,0.28634
1736,-0.50518,0.28634
1737,-0.49028,0.28634
1738,-0.48063,0.28634
1739,-0.47586,0.28634
1740,-0.4738,0.28634
1741,-0.4712,0.28634
1742,-0.46483,0.28634
1743,-0.45261,0.28634
1744,-0.4344,0.28634
1745,-0.41224,0.28634
1746,-0.38985,0.28634
1747,-0.37159,0.28634
1748,-0.36123,0.28634
1749,-0.36082,0.28634
1750,-0.37014,0.28634
1751,-0.38671,0.28634
1752,-0.40659,0.28634
1753,-0.42547,0.28634
1754,-0.43981,0.28634
1755,-0.44772,0.28634
1756,-0.44928,0.28634
1757,-0.44624,0.28634
1758,-0.44133,0.28634
1759,-0.43725,0.28634
1760,-0.43588,0.28634
1761,-0.43778,0.28634
1762,-0.44211,0.28634
1763,-0.44707,0.28634
1764,-0.45054,0.28634
1765,-0.45077,0.28634
1766,-0.44693,0.28634
1767,-0.43926,0.28634
1768,-0.42901,0.28634
1769,-0.418,0.28634
1770,-0.40811,0.28634
1771,-0.40082,0.28634
1772,-0.39691,0.28634
1773,-0.39643,0.28634
1774,-0.39877,0.28634
1775,-0.40304,0.28634
1776,-0.40828,0.28634
1777,-0.41378,0.28634
1778,-0.41914,0.28634
1779,-0.42426,0.28634
1780,-0.42918,0.28634
1781,-0.43383,0.28634
1782,-0.43788,0.28634
1783,-0.44056,0.28634
1784,-0.44072,0.28634
1785,-0.43697,0.28634
1786,-0.42798,0.28634
1787,-0.41284,0.28634
1788,-0.39146,0.28634
1789,-0.36476,0.28634
1790,-0.33475,0.28634
1791,-0.30435,0.28634
1792,-0.27691,0.28634
1793,-0.25563,0.28634
1794,-0.24286,0.28634
1795,-0.2396,0.28634
1796,-0.24518,0.28634
1797,-0.25737,0.28634
1798,-0.27283,0.28634
1799,-0.2879,0.28634
1800,-0.29951,0.28691
1801,-0.30602,0.28691
1802,-0.30769,0.28691
1803,-0.30674,0.28691
1804,-0.30682,0.28691
1805,-0.31205,0.28691
1806,-0.32589,0.28691
1807,-0.35007,0.28691
1808,-0.38393,0.28691
1809,-0.42441,0.28691
1810,-0.46658,0.28691
1811,-0.5047,0.28691
1812,-0.53353,0.28691
1813,-0.54936,0.28691
1814,-0.55073,0.28691
1815,-0.53842,0.28691
1816,-0.51504,0.28691
1817,-0.4841,0.28691
1818,-0.44921,0.28691
1819,-0.41335,0.28691
1820,-0.37859,0.28691
1821,-0.34619,0.28691
1822,-0.31691,0.28691
1823,-0.29138,0.28691
1824,-0.27035,0.28691
1825,-0.25477,0.28691
1826,-0.24554,0.28691
1827,-0.24333,0.28691
1828,-0.24834,0.28691
1829,-0.26012,0.28691
1830,-0.27771,0.28691
1831,-0.29968,0.28691
1832,-0.32441,0.28691
1833,-0.35025,0.28691
1834,-0.3757,0.28691
1835,-0.39958,0.28691
1836,-0.42118,0.28691
1837,-0.44027,0.28691
1838,-0.45715,0.28691
1839,-0.4724,0.28691
1840,-0.48661,0.28691
1841,-0.49987,0.28691
1842,-0.51142,0.28691
1843,-0.51944,0.28691
1844,-0.5212,0.28691
1845,-0.51362,0.28691
1846,-0.49405,0.28691
1847,-0.46122,0.28691
1848,-0.41597,0.28691
1849,-0.36156,0.28691
1850,-0.30339,0.28691
1851,-0.24823,0.28691
1852,-0.20307,0.28691
1853,-0.17384,0.28691
1854,-0.1643,0.28691
1855,-0.17534,0.28691
1856,-0.20482,0.28691
1857,-0.24782,0.28691
1858,-0.29747,0.28691
1859,-0.34602,0.28691
1860,-0.3861,0.28691
1861,-0.41199,0.28691
1862,-0.4207,0.28691
1863,-0.41263,0.28691
1864,-0.39157,0.28691
1865,-0.36398,0.28691
1866,-0.33744,0.28691
1867,-0.31877,0.28691
1868,-0.31204,0.28691
1869,-0.31731,0.28691
1870,-0.33033,0.28691
1871,-0.34375,0.28691
1872,-0.34928,0.28691
1873,-0.34049,0.28691
1874,-0.31519,0.28691
1875,-0.27668,0.28691
1876,-0.23317,0.28691
1877,-0.19563,0.28691
1878,-0.17454,0.28691
1879,-0.17659,0.28691
1880,-0.20258,0.28691
1881,-0.24714,0.28691
1882,-0.30042,0.28691
1883,-0.35135,0.28691
1884,-0.39112,0.28691
1885,-0.41588,0.28691
1886,-0.42758,0.28691
1887,-0.43262,0.28691
1888,-0.43907,0.28691
1889,-0.45307,0.28691
1890,-0.47616,0.28691
1891,-0.50423,0.28691
1892,-0.52862,0.28691
1893,-0.53908,0.28691
1894,-0.52738,0.28691
1895,-0.49061,0.28691
1896,-0.43273,0.28691
1897,-0.36413,0.28691
1898,-0.29902,0.28691
1899,-0.25177,0.28691
1900,-0.23294,0.28691
1901,-0.24655,0.28691
1902,-0.28896,0.28691
1903,-0.34996,0.28691
1904,-0.41533,0.28691
1905,-0.4705,0.28691
1906,-0.50396,0.28691
1907,-0.50983,0.28691
1908,-0.48889,0.28691
1909,-0.4479,0.28691
1910,-0.39754,0.28691
1911,-0.34956,0.28691
1912,-0.31379,0.28691
1913,-0.29593,0.28691
1914,-0.29647,0.28691
1915,-0.31111,0.28691
1916,-0.33234,0.28691
1917,-0.35176,0.28691
1918,-0.36238,0.28691
1919,-0.36038,0.28691
1920,-0.34574,0.28691
1921,-0.32174,0.28691
1922,-0.29362,0.28691
1923,-0.26686,0.28691
1924,-0.24568,0.28691
1925,-0.23205,0.28691
1926,-0.22562,0.28691
1927,-0.22415,0.28691
1928,-0.22447,0.28691
1929,-0.22335,0.28691
1930,-0.21825,0.28691
1931,-0.20761,0.28691
1932,-0.19096,0.28691
1933,-0.16871,0.28691
1934,-0.14204,0.28691
1935,-0.11271,0.28691
1936,-0.082987,0.28691
1937,-0.055407,0.28691
1938,-0.032531,0.28691
1939,-0.016489,0.28691
1940,-0.008527,0.28691
1941,-0.0086672,0.28691
1942,-0.015666,0.28691
1943,-0.027346,0.28691
1944,-0.041247,0.28691
1945,-0.055401,0.28691
1946,-0.068935,0.28691
1947,-0.082238,0.28691
1948,-0.096556,0.28691
1949,-0.11312,0.28691
1950,-0.13209,0.28691
1951,-0.15184,0.28691
1952,-0.16883,0.28691
1953,-0.17844,0.28691
1954,-0.17642,0.28691
1955,-0.16067,0.28691
1956,-0.13252,0.28691
1957,-0.097034,0.28691
1958,-0.061985,0.28691
1959,-0.035778,0.28691
1960,-0.024879,0.28691
1961,-0.031702,0.28691
1962,-0.053726,0.28691
1963,-0.08424,0.28691
1964,-0.11453,0.28691
1965,-0.13675,0.28691
1966,-0.14648,0.28691
1967,-0.14401,0.28691
1968,-0.13382,0.28691
1969,-0.12261,0.28691
1970,-0.11642,0.28691
1971,-0.11814,0.28691
1972,-0.12625,0.28691
1973,-0.13531,0.28691
1974,-0.13804,0.28691
1975,-0.12816,0.28691
1976,-0.10284,0.28691
1977,-0.063901,0.28691
1978,-0.017207,0.28691
1979,0.029393,0.28691
1980,0.068825,0.28691
1981,0.097144,0.28691
1982,0.1146,0.28691
1983,0.12505,0.28691
1984,0.13407,0.28691
1985,0.14659,0.28691
1986,0.16495,0.28691
1987,0.18826,0.28691
1988,0.2132,0.28691
1989,0.23578,0.28691
1990,0.25333,0.28691
1991,0.2659,0.28691
1992,0.27636,0.28691
1993,0.28933,0.28691
1994,0.30937,0.28691
1995,0.33917,0.28691
1996,0.37697,0.28691
1997,0.42292,0.28691
1998,0.47064,0.28691
1999,0.51533,0.28691
2000,0.55366,0.28691
2001,0.5845,0.28691
2002,0.60879,0.28691
2003,0.62858,0.28691
2004,0.64567,0.28691
2005,0.66062,0.28691
2006,0.67236,0.28691
